,week_of,unique_artists_played,total_plays,bipoc_plays,male_plays,canadian_content_plays,cjsr_station_plays,cjsw_station_plays,ckxu_station_plays,cfuv_station_plays,cjsf_station_plays,cjum_station_plays,ckdu_station_plays,ciut_station_plays,cfre_station_plays,chrw_station_plays,chuo_station_plays,cilu_station_plays,ckut_station_plays,cfbx_station_plays,cfru_station_plays,cfmh_station_plays,cjam_station_plays,chsr_station_plays,chry_station_plays,cjlo_station_plays,chyz_station_plays,chly_station_plays,cscr_station_plays,cism_station_plays,cick_station_plays,cick_province_plays
0,2006-01-10,80,130,92,119,32,10,10,10,10,10,10,10,10,10,10,10,10,10,0,0,0,0,0,0,0,0,0,0,0,0,0
1,2006-01-17,71,130,86,117,43,0,10,10,10,10,10,10,10,10,10,10,10,10,10,0,0,0,0,0,0,0,0,0,0,0,0
2,2006-01-24,72,130,82,116,56,10,10,10,0,10,10,10,10,10,10,10,10,10,0,10,0,0,0,0,0,0,0,0,0,0,0
3,2006-01-31,88,150,91,137,55,10,10,10,10,10,10,10,10,10,10,10,10,10,10,0,10,0,0,0,0,0,0,0,0,0,0
4,2006-02-07,53,80,49,72,26,10,10,10,10,0,10,10,0,0,10,0,10,0,0,0,0,0,0,0,0,0,0,0,0,0,0
5,2006-02-14,79,140,91,131,52,10,10,10,10,0,10,10,10,10,10,10,10,10,10,10,0,0,0,0,0,0,0,0,0,0,0
6,2006-02-21,73,120,88,109,37,10,10,10,10,10,10,0,10,10,10,0,10,10,0,0,0,10,0,0,0,0,0,0,0,0,0
7,2006-02-28,73,150,95,141,55,10,0,10,10,10,10,10,10,10,10,10,10,10,10,10,0,10,0,0,0,0,0,0,0,0,0
8,2006-03-07,69,130,96,115,39,10,10,10,10,10,10,0,10,10,10,0,10,10,0,10,0,10,0,0,0,0,0,0,0,0,0
9,2006-03-14,73,140,101,124,43,10,10,10,10,10,10,10,10,10,10,0,10,10,10,0,0,10,0,0,0,0,0,0,0,0,0
10,2006-03-21,67,140,103,122,33,10,10,10,10,10,10,0,10,10,10,0,10,10,0,10,0,10,10,0,0,0,0,0,0,0,0
11,2006-03-28,84,150,115,129,36,10,0,10,10,10,10,0,10,10,10,10,10,10,10,0,0,10,10,10,0,0,0,0,0,0,0
12,2006-04-04,81,140,105,122,33,0,10,10,10,10,10,10,10,10,10,10,10,0,0,0,0,10,10,10,0,0,0,0,0,0,0
13,2006-04-11,87,170,133,143,41,10,10,10,10,10,10,10,0,10,10,10,10,10,10,10,0,10,0,10,10,0,0,0,0,0,0
14,2006-04-18,77,140,105,117,28,10,10,10,10,0,10,10,10,0,10,10,10,10,0,10,0,0,10,0,10,0,0,0,0,0,0
15,2006-04-25,97,180,137,149,38,0,10,10,10,10,10,10,10,10,10,10,10,10,10,10,0,10,10,10,10,0,0,0,0,0,0
16,2006-05-02,73,150,114,129,27,10,10,10,10,10,10,0,10,10,10,10,10,10,0,10,0,10,0,10,0,0,0,0,0,0,0
17,2006-05-09,74,140,98,120,30,0,10,10,10,10,10,0,10,10,10,10,10,10,10,0,0,10,0,10,0,0,0,0,0,0,0
18,2006-05-16,75,170,128,139,31,10,10,10,10,10,10,10,10,10,10,10,10,10,0,10,0,10,10,0,10,0,0,0,0,0,0
19,2006-05-23,85,160,114,136,36,10,10,10,10,0,10,10,10,10,10,10,10,10,10,0,0,10,0,10,10,0,0,0,0,0,0
20,2006-05-30,67,140,104,119,27,10,10,10,10,10,10,10,0,10,10,10,10,10,0,0,0,10,0,10,0,0,0,0,0,0,0
21,2006-06-06,82,150,105,126,32,10,0,10,10,10,10,10,10,0,10,10,10,10,10,10,0,10,0,0,10,0,0,0,0,0,0
22,2006-06-13,88,160,114,137,38,10,10,10,10,10,10,10,10,0,10,10,10,10,0,10,0,10,0,10,10,0,0,0,0,0,0
23,2006-06-20,84,160,116,135,39,10,10,10,10,10,10,10,10,0,10,10,10,10,10,10,0,10,0,10,0,0,0,0,0,0,0
24,2006-06-27,75,140,110,123,32,10,10,10,10,10,10,0,10,0,10,10,10,10,0,10,0,10,0,10,0,0,0,0,0,0,0
25,2006-07-04,62,90,66,77,25,0,10,10,0,0,10,0,0,0,10,0,10,10,10,0,0,10,0,10,0,0,0,0,0,0,0
26,2006-07-11,74,130,102,112,37,0,10,10,10,10,10,0,10,0,10,10,10,10,0,10,0,10,0,10,0,0,0,0,0,0,0
27,2006-07-18,77,150,113,127,41,10,10,10,10,10,10,0,10,0,10,10,10,10,10,10,0,10,0,10,0,0,0,0,0,0,0
28,2006-07-25,76,160,122,135,52,10,10,10,10,10,10,10,10,0,10,10,10,10,0,10,0,10,10,10,0,0,0,0,0,0,0
29,2006-08-01,66,130,88,112,42,10,0,10,10,10,10,0,10,0,10,10,10,10,10,10,0,10,0,0,0,0,0,0,0,0,0
30,2006-08-08,72,130,89,112,44,0,10,10,10,0,10,0,10,0,10,10,10,10,0,10,0,10,0,10,0,10,0,0,0,0,0
31,2006-08-15,69,150,103,131,53,10,10,10,10,10,10,10,10,0,10,10,10,10,10,0,0,10,0,0,0,10,0,0,0,0,0
32,2006-08-22,76,140,96,127,44,10,10,10,10,10,10,0,10,0,10,10,10,10,0,0,0,10,0,10,0,10,0,0,0,0,0
33,2006-08-29,73,150,101,133,47,10,10,10,10,10,10,10,10,0,10,10,10,10,10,0,0,10,0,0,0,10,0,0,0,0,0
34,2006-09-05,69,120,83,110,33,10,0,10,10,0,10,0,10,0,10,10,10,10,0,0,0,10,10,0,0,10,0,0,0,0,0
35,2006-09-12,90,160,117,143,46,10,10,10,10,10,10,0,10,0,10,10,10,10,10,0,0,10,10,10,0,10,0,0,0,0,0
36,2006-09-19,85,160,115,143,44,10,0,10,10,10,10,10,10,0,10,10,10,10,0,0,0,10,10,10,10,10,0,0,0,0,0
37,2006-09-26,84,170,116,151,53,10,10,10,10,10,10,10,10,10,10,10,10,10,10,0,0,10,0,10,0,10,0,0,0,0,0
38,2006-10-03,79,150,102,131,45,10,10,10,10,10,10,10,10,10,10,10,10,10,0,0,0,10,0,0,0,10,0,0,0,0,0
39,2006-10-10,83,160,101,148,53,10,10,10,10,0,10,10,10,10,10,10,10,10,10,0,0,0,10,0,0,10,10,0,0,0,0
40,2006-10-17,90,180,118,159,65,10,10,10,10,10,10,10,10,10,10,10,10,10,0,10,0,10,10,0,0,10,10,0,0,0,0
41,2006-10-24,91,180,121,159,62,10,0,10,10,10,10,10,10,10,10,10,10,10,10,0,0,10,10,10,0,10,10,0,0,0,0
42,2006-10-31,67,130,86,115,54,10,0,10,10,10,10,10,10,0,10,10,10,10,0,0,0,0,10,0,0,10,0,0,0,0,0
43,2006-11-07,73,140,99,124,53,10,0,10,10,0,10,10,10,10,10,10,10,10,10,0,0,0,10,0,0,10,0,0,0,0,0
44,2006-11-14,69,130,93,110,52,10,10,10,10,0,10,10,10,10,10,10,10,0,0,0,0,0,10,0,0,10,0,0,0,0,0
45,2006-11-21,88,180,134,156,67,10,10,10,10,10,10,10,10,10,10,10,10,10,10,0,0,10,10,0,0,10,10,0,0,0,0
46,2006-11-28,69,130,95,109,37,10,10,10,10,10,10,0,10,10,0,0,10,10,0,0,0,10,0,0,0,10,10,0,0,0,0
47,2006-12-05,75,150,104,132,56,10,10,10,10,10,10,10,10,10,10,10,10,0,10,0,0,10,0,0,0,10,0,0,0,0,0
48,2006-12-12,77,150,99,131,54,10,10,10,10,10,10,10,10,10,10,10,10,10,0,0,0,10,0,0,0,10,0,0,0,0,0
49,2006-12-19,65,110,73,102,49,10,0,10,10,0,0,10,10,0,10,10,0,0,10,0,0,10,0,0,0,10,10,0,0,0,0
50,2006-12-26,10,10,7,10,5,0,0,0,0,0,0,0,0,0,0,0,0,0,0,0,0,0,0,0,0,0,10,0,0,0,0
51,2007-01-02,32,40,24,37,18,10,0,0,0,0,0,0,0,0,10,0,10,0,0,0,0,0,0,0,0,0,10,0,0,0,0
52,2007-01-09,95,150,102,134,65,10,0,10,10,10,10,10,10,10,10,10,10,10,0,0,0,10,0,0,0,10,10,0,0,0,0
53,2007-01-16,95,160,111,138,56,10,0,10,10,10,10,10,10,10,10,0,10,10,10,0,0,10,10,0,10,0,10,0,0,0,0
54,2007-01-23,88,149,103,128,57,10,0,10,10,10,10,0,9,10,10,10,10,0,0,0,0,10,10,0,10,10,10,0,0,0,0
55,2007-01-30,102,180,128,160,72,10,0,10,10,10,10,10,10,10,10,10,10,10,10,0,0,10,10,0,10,10,10,0,0,0,0
56,2007-02-06,93,150,111,137,58,10,0,10,10,10,10,0,10,10,10,0,10,10,0,0,10,10,0,0,10,10,10,0,0,0,0
57,2007-02-13,97,190,122,166,82,10,10,10,10,10,10,10,10,10,10,0,10,10,10,0,10,10,10,0,10,10,10,0,0,0,0
58,2007-02-20,94,170,116,154,69,10,0,10,10,10,10,10,10,10,10,10,10,10,0,0,0,10,10,0,10,10,10,0,0,0,0
59,2007-02-27,89,180,128,156,63,10,10,10,10,10,10,10,10,10,10,10,10,10,10,0,0,10,10,0,10,10,0,0,0,0,0
60,2007-03-06,75,150,103,129,64,10,10,10,10,0,10,10,10,10,10,10,10,10,0,0,0,0,10,0,10,10,0,0,0,0,0
61,2007-03-13,85,180,132,152,72,10,10,10,10,10,10,10,10,10,10,10,10,10,10,0,0,10,0,0,10,10,10,0,0,0,0
62,2007-03-20,81,150,103,128,57,10,10,10,0,0,10,10,10,10,10,10,10,10,0,0,0,10,10,0,0,10,10,0,0,0,0
63,2007-03-27,61,100,75,92,38,10,0,10,10,10,0,10,10,0,10,0,10,10,10,0,0,0,0,0,0,0,0,0,0,0,0
64,2007-04-03,86,170,118,155,65,10,0,10,10,10,10,10,10,10,10,10,10,10,0,0,0,10,10,0,10,10,10,0,0,0,0
65,2007-04-10,76,160,107,147,67,10,10,0,10,0,10,10,10,10,10,10,10,10,10,0,0,10,0,0,10,10,10,0,0,0,0
66,2007-04-17,75,160,111,151,70,10,10,10,10,10,10,10,0,10,10,0,10,10,0,0,0,10,0,10,10,10,10,0,0,0,0
67,2007-04-24,86,180,122,175,86,10,10,10,10,10,10,10,0,10,10,10,10,10,10,0,0,10,10,0,10,10,10,0,0,0,0
68,2007-05-01,72,140,99,135,50,10,0,10,10,10,10,10,0,10,10,10,10,10,0,0,0,10,0,0,0,10,10,0,0,0,0
69,2007-05-08,83,150,100,144,53,10,0,10,10,0,10,10,0,10,10,10,10,10,10,0,0,10,0,0,10,10,10,0,0,0,0
70,2007-05-15,73,130,94,127,50,10,0,10,0,0,10,0,0,10,10,10,10,10,0,0,0,10,10,0,10,10,10,0,0,0,0
71,2007-05-22,74,160,110,153,67,10,10,10,0,10,10,10,0,10,10,10,10,10,10,0,0,0,10,0,10,10,10,0,0,0,0
72,2007-05-29,78,150,100,146,56,10,10,0,10,10,10,0,0,10,10,10,10,10,0,0,0,10,10,0,10,10,10,0,0,0,0
73,2007-06-05,80,170,123,164,71,10,10,10,10,0,10,10,0,10,10,10,10,10,10,0,0,10,10,0,10,10,10,0,0,0,0
74,2007-06-12,49,70,49,68,34,10,0,0,10,0,10,10,10,0,0,0,0,0,0,0,0,10,0,0,0,0,10,0,0,0,0
75,2007-06-19,73,140,101,136,59,10,0,10,10,10,10,0,10,10,10,0,10,10,10,0,0,10,0,0,0,10,10,0,0,0,0
76,2007-06-26,77,160,109,155,65,10,0,10,10,10,10,0,10,10,10,10,10,10,0,0,0,10,10,0,10,10,10,0,0,0,0
77,2007-07-03,70,150,99,143,65,10,0,10,10,0,10,0,0,10,10,10,10,10,10,0,0,10,10,0,10,10,10,0,0,0,0
78,2007-07-10,71,150,103,142,60,10,0,10,10,10,10,0,10,10,10,10,10,10,0,0,0,10,10,0,10,10,0,0,0,0,0
79,2007-07-17,89,159,110,149,59,10,0,10,9,10,10,0,10,0,10,10,10,10,10,0,0,10,10,0,10,10,10,0,0,0,0
80,2007-07-24,81,150,110,135,57,10,0,10,10,0,10,10,10,0,10,10,10,10,0,0,0,10,10,0,10,10,10,0,0,0,0
81,2007-07-31,79,160,108,146,75,10,0,10,10,10,10,10,10,0,10,10,10,0,10,0,0,10,10,0,10,10,10,0,0,0,0
82,2007-08-07,74,140,106,130,53,10,10,10,10,0,10,0,10,0,10,10,10,10,0,0,0,10,10,0,10,10,0,0,0,0,0
83,2007-08-14,89,170,123,154,68,10,0,10,10,10,10,10,10,0,10,10,10,10,10,0,0,10,10,0,10,10,10,0,0,0,0
84,2007-08-21,87,160,106,141,70,10,0,10,10,10,10,10,10,0,10,10,10,10,0,0,0,10,10,0,10,10,10,0,0,0,0
85,2007-08-28,83,160,106,141,51,10,10,10,10,10,10,0,10,0,10,10,10,10,10,0,0,0,10,0,10,10,10,0,0,0,0
86,2007-09-04,76,140,91,117,45,10,10,10,10,0,10,10,10,0,10,10,10,10,0,0,0,10,0,0,0,10,10,0,0,0,0
87,2007-09-11,82,170,107,147,60,10,0,10,10,10,10,10,10,0,10,10,10,10,10,0,0,10,10,0,10,10,10,0,0,0,0
88,2007-09-18,78,160,108,143,46,10,10,10,10,10,10,10,10,0,10,10,10,10,0,0,0,10,10,0,0,10,10,0,0,0,0
89,2007-09-25,82,160,99,142,53,10,0,10,10,0,10,10,10,0,10,10,10,10,10,0,0,10,10,0,10,10,10,0,0,0,0
90,2007-10-02,85,160,107,133,54,10,10,10,10,10,10,10,10,0,10,10,10,10,0,0,0,10,10,0,0,10,10,0,0,0,0
91,2007-10-09,74,140,90,123,41,10,10,10,10,0,10,0,10,0,10,10,10,10,10,0,0,10,0,0,10,10,0,0,0,0,0
92,2007-10-16,79,120,83,107,40,10,0,0,10,10,10,10,10,0,10,10,10,10,0,0,0,10,0,0,0,0,10,0,0,0,0
93,2007-10-23,63,90,59,80,30,10,0,10,0,0,10,0,10,0,10,0,10,10,10,0,0,0,0,0,0,10,0,0,0,0,0
94,2007-10-30,85,140,95,132,37,10,0,10,10,10,10,0,10,0,10,10,10,10,0,0,0,10,0,0,10,10,10,0,0,0,0
95,2007-11-06,90,180,109,161,70,10,10,10,10,10,10,10,10,0,10,10,10,10,10,0,0,10,0,10,10,10,10,0,0,0,0
96,2007-11-13,74,150,92,141,58,10,10,10,10,0,10,10,0,0,10,10,10,10,0,0,0,10,10,0,10,10,10,0,0,0,0
97,2007-11-20,81,150,87,132,67,10,10,10,10,0,10,10,10,0,10,10,10,0,10,0,0,10,0,0,10,10,10,0,0,0,0
98,2007-11-27,80,150,93,135,59,10,10,10,10,10,10,10,10,0,10,10,10,10,0,0,0,10,0,0,10,0,10,0,0,0,0
99,2007-12-04,82,150,86,140,73,10,10,10,10,0,10,10,10,0,10,10,10,10,10,0,0,10,0,0,10,10,0,0,0,0,0
100,2007-12-11,67,100,64,94,49,10,0,10,10,0,10,0,0,0,10,10,0,10,0,10,0,0,0,0,0,10,10,0,0,0,0
101,2007-12-18,57,90,54,84,48,10,0,0,10,0,10,10,0,0,10,10,0,10,0,10,0,0,0,0,0,0,10,0,0,0,0
102,2008-01-08,59,100,68,94,38,10,10,0,0,10,10,0,0,0,10,10,10,0,0,10,0,0,0,0,0,10,10,0,0,0,0
103,2008-01-15,74,140,90,126,58,10,10,10,10,0,10,0,0,0,10,10,10,10,10,10,0,10,0,0,0,10,10,0,0,0,0
104,2008-01-22,76,150,96,130,64,10,10,10,10,10,10,0,0,0,10,10,10,10,0,10,0,10,0,0,10,10,10,0,0,0,0
105,2008-01-29,78,150,93,132,65,10,10,10,10,10,10,10,0,0,10,10,10,10,10,0,0,10,0,0,10,10,0,0,0,0,0
106,2008-02-05,80,140,91,123,60,10,10,10,10,10,10,10,0,0,10,10,10,10,0,0,0,10,0,0,10,10,0,0,0,0,0
107,2008-02-12,78,130,87,113,56,10,10,10,10,10,10,0,10,0,10,0,10,10,10,0,0,0,0,0,10,10,0,0,0,0,0
108,2008-02-19,77,160,109,144,68,10,10,10,10,10,10,10,10,0,10,10,10,10,0,10,0,10,0,0,10,10,0,0,0,0,0
109,2008-02-26,89,170,126,152,75,10,10,10,10,10,10,0,10,0,10,10,10,10,10,10,0,10,0,0,10,10,10,0,0,0,0
110,2008-03-04,74,140,109,124,56,10,10,10,10,10,10,0,10,0,0,10,10,10,0,10,0,10,0,0,10,0,10,0,0,0,0
111,2008-03-11,76,150,109,137,66,10,10,10,0,0,10,10,10,0,10,10,10,10,10,10,0,10,0,0,10,10,0,0,0,0,0
112,2008-03-18,72,130,92,117,56,10,0,10,10,0,10,0,10,0,10,10,10,10,0,10,0,10,0,0,10,10,0,0,0,0,0
113,2008-03-25,69,120,80,106,49,10,10,10,10,0,10,0,10,0,10,0,10,0,10,0,0,10,0,0,10,10,0,0,0,0,0
114,2008-04-01,89,160,115,143,64,10,10,10,10,10,10,0,10,0,10,0,10,10,0,10,0,10,10,0,10,10,10,0,0,0,0
115,2008-04-08,74,150,117,135,66,10,10,0,0,10,10,0,10,0,10,10,10,0,10,10,0,10,10,0,10,10,10,0,0,0,0
116,2008-04-15,84,160,124,146,70,10,10,10,10,10,10,10,0,0,10,10,10,10,0,10,0,10,0,0,10,10,10,0,0,0,0
117,2008-04-22,81,170,121,154,78,10,10,10,10,10,10,0,10,0,10,10,10,10,10,10,0,10,0,0,10,10,10,0,0,0,0
118,2008-04-29,76,160,116,148,80,10,10,10,10,10,10,10,10,0,10,10,10,0,0,10,0,10,0,0,10,10,10,0,0,0,0
119,2008-05-06,80,170,117,159,72,10,10,10,10,10,10,0,10,0,10,10,10,0,10,10,0,10,10,0,10,10,10,0,0,0,0
120,2008-05-13,80,170,117,154,74,10,0,10,10,10,10,10,10,0,10,10,10,10,0,10,0,10,10,0,10,10,10,0,0,0,0
121,2008-05-20,82,150,95,140,62,10,10,10,0,0,10,10,10,0,10,10,10,0,10,10,0,10,0,0,10,10,10,0,0,0,0
122,2008-05-27,67,120,72,110,46,10,10,0,0,10,10,0,10,0,10,10,10,0,0,10,0,0,0,0,10,10,10,0,0,0,0
123,2008-06-03,81,150,92,139,54,10,10,0,10,10,10,0,10,0,10,10,10,10,10,0,0,10,0,0,10,10,10,0,0,0,0
124,2008-06-10,84,150,90,145,56,10,10,0,10,10,10,10,10,0,10,10,10,10,0,0,0,10,0,0,10,10,10,0,0,0,0
125,2008-06-17,82,160,93,148,59,10,10,10,10,0,10,0,10,0,10,10,10,10,10,10,0,10,0,0,10,10,10,0,0,0,0
126,2008-06-24,74,110,64,101,37,0,10,0,0,0,10,0,10,0,10,10,10,10,0,10,0,10,0,0,0,10,10,0,0,0,0
127,2008-07-01,70,120,82,111,38,10,0,0,10,0,10,0,10,0,10,10,10,10,10,0,0,10,0,0,10,10,0,0,0,0,0
128,2008-07-08,72,130,82,117,44,10,0,10,0,10,10,0,10,0,10,10,10,10,0,0,0,10,0,0,10,10,10,0,0,0,0
129,2008-07-15,100,180,112,158,66,10,10,10,10,10,10,0,10,0,10,10,10,10,10,10,0,10,10,0,10,10,10,0,0,0,0
130,2008-07-22,78,130,73,118,50,10,10,10,0,10,0,0,10,0,10,10,10,0,0,0,0,10,10,0,10,10,10,0,0,0,0
131,2008-07-29,81,140,83,124,56,10,10,10,0,10,0,0,10,0,10,10,10,10,10,0,0,10,0,0,10,10,10,0,0,0,0
132,2008-08-05,64,130,81,115,53,10,10,10,0,0,10,0,10,0,10,10,10,10,0,10,0,10,0,0,10,10,0,0,0,0,0
133,2008-08-12,72,140,91,126,58,10,10,10,0,10,10,0,10,0,10,10,10,10,10,0,0,10,0,0,10,10,0,0,0,0,0
134,2008-08-19,72,140,96,127,57,10,10,10,10,10,10,0,10,0,10,10,10,10,0,0,0,10,0,0,10,10,0,0,0,0,0
135,2008-08-26,73,150,97,143,63,10,10,10,10,10,10,0,10,0,10,10,10,10,10,0,0,10,0,0,10,10,0,0,0,0,0
136,2008-09-02,63,100,71,96,32,0,10,10,10,0,10,0,10,0,10,0,10,0,0,0,0,10,0,0,10,10,0,0,0,0,0
137,2008-09-09,88,150,106,135,57,10,10,10,10,10,10,0,10,0,10,10,10,10,10,0,0,10,0,0,10,10,0,0,0,0,0
138,2008-09-16,89,140,100,127,50,10,10,10,10,10,10,0,10,0,10,10,10,10,0,0,0,10,0,0,10,10,0,0,0,0,0
139,2008-09-23,86,130,96,122,45,10,10,10,0,10,10,0,10,0,10,10,10,10,10,0,0,10,0,0,10,0,0,0,0,0,0
140,2008-09-30,75,110,78,106,35,10,10,10,10,0,10,0,10,0,0,10,10,10,0,0,0,0,0,0,10,10,0,0,0,0,0
141,2008-10-07,68,110,81,106,38,10,0,0,10,10,10,0,0,0,10,10,10,0,10,10,0,0,0,0,10,10,0,0,0,0,0
142,2008-10-14,53,100,64,97,31,0,10,0,10,0,10,0,10,0,10,10,10,0,0,0,0,10,0,0,10,10,0,0,0,0,0
143,2008-10-21,58,100,73,93,29,0,10,10,10,10,10,0,10,0,10,0,0,0,10,0,0,10,0,0,0,10,0,0,0,0,0
144,2008-10-28,53,100,66,95,37,0,0,10,0,10,10,0,0,0,10,10,10,0,0,10,0,10,0,0,10,10,0,0,0,0,0
145,2008-11-04,74,130,93,119,43,10,10,0,10,10,10,0,0,0,10,10,10,10,10,10,0,0,0,0,10,10,0,0,0,0,0
146,2008-11-11,68,130,87,121,49,10,10,10,10,0,10,0,0,0,10,10,10,10,0,10,0,10,0,0,10,10,0,0,0,0,0
147,2008-11-18,77,140,100,128,49,10,10,10,10,0,10,0,0,0,10,10,10,10,10,0,0,10,0,0,10,10,0,10,0,0,0
148,2008-11-25,63,110,79,100,37,10,0,10,10,10,10,0,0,10,10,0,10,0,0,10,0,0,0,0,10,10,0,0,0,0,0
149,2008-12-02,88,160,114,143,55,10,10,10,10,10,10,0,0,10,10,10,10,0,10,10,0,10,0,0,10,10,0,10,0,0,0
150,2008-12-09,82,130,97,119,37,0,0,10,10,10,10,0,0,0,10,10,10,10,0,10,0,10,0,0,10,10,0,10,0,0,0
151,2008-12-16,34,40,28,33,15,0,0,0,10,0,10,0,0,0,0,10,0,0,10,0,0,0,0,0,0,0,0,0,0,0,0
152,2008-12-23,17,20,18,20,7,0,0,0,10,0,0,0,0,0,0,0,0,0,0,0,0,0,0,0,10,0,0,0,0,0,0
153,2008-12-30,10,10,8,10,1,0,0,0,0,0,0,0,0,0,0,0,10,0,0,0,0,0,0,0,0,0,0,0,0,0,0
154,2009-01-06,34,40,35,36,14,0,0,0,0,0,0,0,0,0,10,10,0,10,0,0,0,0,0,0,0,10,0,0,0,0,0
155,2009-01-13,58,80,60,74,27,0,0,0,0,10,10,0,0,0,0,10,10,10,0,0,0,10,0,0,10,10,0,0,0,0,0
156,2009-01-20,79,130,89,109,54,10,10,10,0,10,10,0,0,0,10,10,10,0,10,10,0,10,0,0,10,10,0,0,0,0,0
157,2009-01-27,71,120,85,101,53,0,10,10,0,10,10,0,0,0,10,10,10,10,0,10,0,10,0,0,10,10,0,0,0,0,0
158,2009-02-03,62,100,74,86,40,0,10,10,0,0,10,0,0,10,0,10,10,0,10,0,0,10,0,0,10,10,0,0,0,0,0
159,2009-02-10,74,130,99,111,55,10,10,10,0,0,10,0,10,10,10,10,10,0,0,10,0,10,0,0,10,10,0,0,0,0,0
160,2009-02-17,73,120,87,97,57,10,10,10,0,10,10,0,10,0,0,10,10,0,10,10,0,0,0,0,10,10,0,0,0,0,0
161,2009-02-24,87,150,113,129,59,10,10,10,0,10,10,0,10,0,10,10,10,10,0,10,0,10,0,0,10,10,0,10,0,0,0
162,2009-03-03,88,160,121,137,57,10,10,10,0,10,10,0,10,10,10,10,10,0,10,10,0,10,0,0,10,10,0,10,0,0,0
163,2009-03-10,44,70,50,57,27,10,0,10,0,0,10,0,10,0,0,0,0,0,0,10,0,0,0,0,0,10,0,10,0,0,0
164,2009-03-17,67,110,79,95,37,0,0,0,0,10,10,0,10,10,10,10,10,0,10,0,0,10,0,0,0,10,0,10,0,0,0
165,2009-03-24,53,90,68,74,42,0,0,0,0,10,0,0,10,0,10,10,10,10,0,0,0,10,0,0,10,10,0,0,0,0,0
166,2009-03-31,81,150,99,129,63,10,10,10,0,10,10,0,10,10,10,10,10,10,10,10,0,0,0,0,0,10,0,10,0,0,0
167,2009-04-07,85,160,117,140,55,10,10,0,10,10,10,0,10,10,10,10,10,10,0,10,0,10,0,0,10,10,0,10,0,0,0
168,2009-04-14,85,150,105,136,49,10,0,10,10,0,10,0,10,10,10,10,10,10,10,10,0,10,0,0,0,10,0,10,0,0,0
169,2009-04-21,76,140,96,131,52,0,0,10,10,10,10,0,10,0,10,10,10,10,0,10,0,10,0,0,10,10,0,10,0,0,0
170,2009-04-28,84,160,114,150,67,0,10,10,10,10,10,0,10,0,10,10,10,10,10,10,0,10,0,0,10,10,0,10,0,0,0
171,2009-05-05,81,160,118,153,53,10,10,10,10,10,10,0,10,10,10,10,10,10,0,10,0,10,0,0,0,10,0,10,0,0,0
172,2009-05-12,80,160,117,146,64,10,10,10,10,10,10,0,10,0,10,10,10,10,10,10,0,10,0,0,0,10,0,10,0,0,0
173,2009-05-19,59,140,98,135,58,10,10,10,10,0,10,0,10,0,10,10,10,10,0,10,0,10,0,0,10,10,0,0,0,0,0
174,2009-05-26,81,160,101,149,66,10,10,10,10,0,10,0,10,10,10,10,10,10,10,10,0,10,0,0,0,10,0,10,0,0,0
175,2009-06-02,84,160,94,150,60,10,10,10,10,0,10,0,10,10,10,10,10,10,0,10,0,10,0,0,10,10,0,10,0,0,0
176,2009-06-09,67,110,67,98,56,10,0,10,0,10,10,0,10,0,10,0,0,10,10,0,0,10,0,0,10,10,0,0,0,0,0
177,2009-06-16,73,150,89,139,62,10,10,0,10,10,10,0,10,0,10,10,10,10,0,10,0,10,0,0,10,10,0,10,0,0,0
178,2009-06-23,74,140,77,126,61,10,10,0,10,10,10,0,10,0,10,10,0,0,10,10,0,10,0,0,10,10,0,10,0,0,0
179,2009-06-30,58,120,66,108,54,10,10,0,10,0,10,0,10,0,10,10,10,0,0,10,0,10,0,0,10,10,0,0,0,0,0
180,2009-07-07,80,150,88,138,66,0,10,10,10,0,10,0,10,0,10,10,10,10,10,10,0,10,0,0,10,10,0,10,0,0,0
181,2009-07-14,76,140,91,131,51,10,10,10,10,10,10,0,10,0,10,10,10,0,0,10,0,10,0,0,10,0,0,10,0,0,0
182,2009-07-21,74,150,98,141,58,0,10,0,10,10,10,0,10,0,10,10,10,10,10,10,0,10,0,0,10,10,0,10,0,0,0
183,2009-07-28,78,150,101,138,58,0,10,10,10,10,10,0,10,0,10,10,10,10,0,10,0,10,0,0,10,10,0,10,0,0,0
184,2009-08-04,71,150,89,134,68,10,10,10,10,0,10,0,10,0,10,10,10,10,10,10,0,10,0,0,10,10,0,0,0,0,0
185,2009-08-11,66,130,84,116,58,0,10,10,10,0,10,0,10,0,10,10,10,10,0,0,0,10,0,0,10,10,0,10,0,0,0
186,2009-08-18,81,160,97,136,67,0,10,10,10,10,10,0,10,0,10,10,10,10,10,10,0,10,0,0,10,10,0,10,0,0,0
187,2009-08-25,62,130,73,113,57,0,10,10,10,0,10,0,10,0,0,10,10,10,0,10,0,10,0,0,10,10,0,10,0,0,0
188,2009-09-01,79,140,90,120,54,0,10,0,10,10,10,0,10,0,10,0,10,10,10,10,0,10,0,0,10,10,0,10,0,0,0
189,2009-09-08,67,140,88,118,58,0,10,10,10,0,10,0,10,0,10,10,10,10,0,10,0,10,0,0,10,10,0,10,0,0,0
190,2009-09-15,75,150,98,127,67,0,10,10,0,10,10,0,10,0,10,10,10,10,10,10,0,10,0,0,10,10,0,10,0,0,0
191,2009-09-22,76,150,102,122,63,0,10,10,10,10,10,0,10,0,10,10,10,10,0,10,0,10,0,0,10,10,0,10,0,0,0
192,2009-09-29,74,150,98,124,57,0,10,10,10,10,10,0,10,0,10,10,10,10,10,10,0,0,0,0,10,10,0,10,0,0,0
193,2009-10-06,66,130,90,112,52,0,10,10,10,0,10,0,10,0,10,10,10,10,0,10,0,0,0,0,10,10,0,10,0,0,0
194,2009-10-13,70,130,94,111,49,0,10,10,10,0,10,0,10,0,10,10,10,10,10,10,0,0,0,0,0,10,0,10,0,0,0
195,2009-10-20,65,110,78,99,34,0,10,10,0,10,10,0,10,0,10,0,10,10,0,0,0,10,0,0,0,10,0,10,0,0,0
196,2009-10-27,69,130,83,117,46,0,0,10,0,10,10,0,10,0,10,10,10,10,10,0,0,10,0,0,10,10,0,10,0,0,0
197,2009-11-03,62,110,74,100,35,0,0,0,10,10,10,0,10,0,10,10,10,10,0,10,0,0,0,0,0,10,0,10,0,0,0
198,2009-11-10,68,120,87,111,43,0,10,0,0,0,10,0,10,0,10,10,0,10,10,10,0,10,0,0,10,10,0,10,0,0,0
199,2009-11-17,70,120,91,105,34,0,10,0,0,0,10,0,10,0,10,10,10,10,0,10,0,10,0,0,10,10,0,10,0,0,0
200,2009-11-24,81,140,102,123,45,0,10,10,10,10,10,0,10,0,10,10,0,10,10,0,0,10,0,0,10,10,0,10,0,0,0
201,2009-12-01,75,120,90,105,42,0,10,10,10,0,10,0,10,0,10,10,10,0,0,10,0,10,0,0,0,10,0,10,0,0,0
202,2009-12-08,78,150,105,139,61,0,10,10,10,10,10,0,10,0,10,10,10,10,10,0,0,10,0,0,10,10,0,10,0,0,0
203,2009-12-15,68,110,72,103,50,0,10,10,0,0,10,0,10,0,10,10,10,10,0,0,0,10,0,0,0,10,0,10,0,0,0
204,2009-12-22,28,30,26,28,13,0,0,0,0,0,0,0,10,0,0,0,0,0,10,0,0,0,0,0,0,0,0,10,0,0,0
205,2009-12-29,10,10,10,9,1,0,0,0,0,0,0,0,0,0,0,0,0,0,0,0,0,0,0,0,0,0,0,10,0,0,0
206,2010-01-05,38,50,35,43,18,0,10,0,0,0,0,0,0,0,10,10,0,0,0,0,0,0,0,0,0,10,0,10,0,0,0
207,2010-01-12,65,110,71,99,47,0,10,0,10,0,0,0,10,0,10,10,10,10,0,10,0,0,0,0,10,10,0,10,0,0,0
208,2010-01-19,82,130,81,110,65,0,10,10,0,0,0,0,10,0,10,10,10,10,10,10,0,10,0,0,10,10,0,10,0,0,0
209,2010-01-26,77,120,71,100,59,0,10,10,0,0,0,0,10,0,10,10,10,10,0,10,0,10,0,0,10,10,0,10,0,0,0
210,2010-02-02,78,120,66,98,57,0,0,10,0,0,0,0,10,0,10,10,10,10,10,10,0,10,0,0,10,10,0,10,0,0,0
211,2010-02-09,82,130,69,99,58,0,10,10,10,0,0,0,10,0,10,10,10,10,0,10,0,10,0,0,10,10,0,10,0,0,0
212,2010-02-16,86,150,97,113,67,0,10,10,10,0,0,0,10,0,10,10,10,10,10,10,0,10,0,0,10,10,0,10,10,0,0
213,2010-02-23,76,140,90,111,60,0,10,10,10,0,0,0,10,0,10,10,10,10,0,10,0,10,0,0,10,10,0,10,10,0,0
214,2010-03-09,79,140,80,114,61,0,10,10,10,0,0,0,10,0,10,10,10,10,0,10,0,10,0,0,10,10,0,10,10,0,0
215,2010-03-16,73,120,66,98,61,0,10,10,0,0,10,0,10,0,10,0,10,10,10,0,0,0,0,0,10,10,0,10,10,0,0
216,2010-03-23,75,110,63,89,50,0,10,10,0,0,10,0,10,0,10,0,10,10,0,10,0,0,0,0,0,10,0,10,10,0,0
217,2010-03-30,86,140,75,112,70,0,10,10,0,0,10,0,10,0,10,10,10,10,10,10,0,0,0,0,10,10,0,10,10,0,0
218,2010-04-06,64,110,56,91,56,0,10,10,10,0,10,0,10,0,10,10,10,10,0,0,0,0,0,0,10,10,0,0,0,0,0
219,2010-04-13,76,140,84,115,60,0,10,10,10,0,10,0,10,0,10,10,10,10,10,0,0,10,0,0,10,10,0,10,0,0,0
220,2010-04-20,78,140,84,117,63,0,10,10,10,0,10,0,10,0,10,10,10,10,0,10,0,10,0,0,10,10,0,10,0,0,0
221,2010-04-27,80,150,96,130,71,0,10,10,10,0,10,0,10,0,10,10,10,10,10,10,0,10,0,0,10,10,0,10,0,0,0
222,2010-05-04,65,140,87,123,66,10,10,10,10,0,10,0,10,0,10,10,10,10,0,10,0,10,0,0,10,10,0,0,0,0,0
223,2010-05-11,67,130,92,115,62,0,10,10,10,0,10,0,10,0,0,10,10,0,10,10,0,10,0,0,10,10,0,10,0,0,0
224,2010-05-18,59,140,96,123,69,10,10,10,10,0,10,0,10,0,10,10,10,10,0,10,0,10,0,0,10,10,0,0,0,0,0
225,2010-05-25,76,140,94,122,65,0,10,10,10,0,10,0,10,0,10,10,10,0,10,10,0,10,0,0,10,10,0,10,0,0,0
226,2010-06-01,59,130,86,111,62,0,10,10,10,0,10,0,10,0,10,10,10,10,0,10,0,10,0,0,10,0,0,10,0,0,0
227,2010-06-08,71,150,103,130,72,10,0,10,10,0,10,0,10,0,10,10,10,10,10,10,0,10,0,0,10,10,0,10,0,0,0
228,2010-06-15,70,130,86,112,66,10,0,10,10,0,10,0,10,0,10,10,10,10,0,10,0,10,0,0,0,10,0,10,0,0,0
229,2010-06-22,84,160,98,133,75,10,10,10,10,0,10,0,10,0,10,10,10,0,10,10,10,10,0,0,10,10,0,10,0,0,0
230,2010-06-29,78,160,88,133,84,10,10,10,10,0,10,0,10,0,10,10,10,10,0,10,10,10,0,0,10,10,0,10,0,0,0
231,2010-07-06,76,150,82,133,83,10,10,10,10,0,0,0,10,0,10,10,10,0,10,10,10,10,0,0,10,10,0,10,0,0,0
232,2010-07-13,78,130,67,109,71,10,10,10,10,0,10,0,10,0,10,0,10,10,0,10,10,0,0,0,0,10,0,10,0,0,0
233,2010-07-20,57,110,51,99,55,10,10,0,10,0,10,0,10,0,10,0,10,10,10,0,10,10,0,0,0,0,0,0,0,0,0
234,2010-07-27,72,130,62,120,66,10,10,10,10,0,10,0,10,0,10,0,10,0,0,0,10,10,0,0,10,10,0,10,0,0,0
235,2010-08-03,72,150,70,135,92,10,10,10,10,0,0,0,10,0,10,0,10,10,10,10,10,10,0,0,10,10,0,0,0,10,0
236,2010-08-10,70,150,66,136,83,10,10,10,10,0,10,0,10,0,10,10,10,10,0,10,10,10,0,0,10,10,0,0,0,0,0
237,2010-08-17,64,140,63,129,73,10,10,0,10,0,10,0,10,0,10,10,10,10,10,10,10,0,0,0,10,10,0,0,0,0,0
238,2010-08-24,60,130,59,120,68,10,10,10,10,0,10,0,10,0,10,10,10,10,0,10,0,0,0,0,10,10,0,0,0,0,0
239,2010-08-31,63,150,72,137,82,10,10,10,10,0,10,0,10,0,10,10,10,10,10,10,0,10,0,0,10,10,0,0,0,0,0
240,2010-09-07,54,110,51,98,59,10,10,10,10,0,0,0,10,0,10,10,10,10,0,0,0,10,0,0,0,10,0,0,0,0,0
241,2010-09-14,67,130,67,116,72,10,10,10,10,0,0,0,10,0,10,10,10,10,10,0,0,10,0,0,10,10,0,0,0,0,0
242,2010-09-21,59,110,53,99,59,0,10,10,10,0,10,0,10,0,10,10,10,10,0,0,0,10,0,0,0,10,0,0,0,0,0
243,2010-09-28,69,130,65,118,65,0,10,10,10,0,10,0,10,0,10,10,10,10,10,0,0,10,0,0,0,10,0,10,0,0,0
244,2010-10-05,76,140,77,123,60,10,10,10,10,0,10,0,10,0,10,10,10,10,0,0,0,10,0,0,10,10,0,10,0,0,0
245,2010-10-12,66,130,72,115,61,10,10,10,10,0,10,0,10,0,10,10,10,0,10,0,0,10,0,0,10,10,0,0,0,0,0
246,2010-10-19,61,120,69,104,56,10,10,10,10,0,10,0,10,0,10,10,10,0,0,10,0,10,0,0,10,0,0,0,0,0,0
247,2010-10-26,72,110,67,96,51,10,0,10,0,0,10,0,0,0,10,10,10,0,10,0,0,10,0,0,10,10,0,10,0,0,0
248,2010-11-02,74,120,76,105,56,0,10,10,10,0,10,0,10,0,10,10,10,0,0,0,0,0,0,0,10,10,0,10,0,10,0
249,2010-11-09,72,130,89,120,55,10,10,0,10,0,10,0,0,0,10,10,10,10,10,10,0,0,0,0,10,10,0,10,0,0,0
250,2010-11-16,84,140,95,124,63,10,10,10,10,0,10,0,10,0,10,10,10,0,0,10,0,10,0,0,10,10,0,10,0,0,0
251,2010-11-23,85,140,104,120,69,10,10,10,10,0,10,0,0,0,10,10,10,10,10,10,0,10,0,0,0,10,0,10,0,0,0
252,2010-11-30,72,110,78,98,48,10,10,10,10,0,10,0,0,0,10,10,10,0,0,0,0,0,0,0,10,10,0,10,0,0,0
253,2010-12-07,76,130,98,117,59,10,10,10,10,0,10,0,0,0,10,10,10,0,10,10,0,10,0,0,0,10,0,10,0,0,0
254,2010-12-14,68,110,81,95,49,10,10,10,10,0,10,0,0,0,10,10,10,0,0,0,0,10,0,0,0,10,0,10,0,0,0
255,2010-12-21,52,70,56,60,23,0,10,0,10,0,10,0,0,0,0,0,10,0,10,0,0,10,0,0,0,0,0,10,0,0,0
256,2010-12-28,10,10,9,9,2,0,0,0,0,0,0,0,0,0,0,0,10,0,0,0,0,0,0,0,0,0,0,0,0,0,0
257,2011-01-04,37,50,39,46,24,10,0,0,0,0,0,0,0,0,10,10,10,0,0,0,0,10,0,0,0,0,0,0,0,0,0
258,2011-01-11,74,120,90,109,64,10,10,10,10,0,10,0,0,0,10,10,10,0,0,10,0,10,0,0,10,10,0,0,0,0,0
259,2011-01-18,71,130,103,120,72,10,10,10,10,0,10,0,0,0,0,10,10,10,10,10,0,10,0,0,10,10,0,0,0,0,0
260,2011-01-25,72,120,92,108,67,10,10,10,10,0,10,0,0,0,10,10,10,0,0,10,0,10,0,0,0,10,0,10,0,0,0
261,2011-02-01,76,140,103,127,80,10,10,10,10,0,10,0,0,0,10,10,10,10,10,10,0,10,0,0,10,10,0,0,0,0,0
262,2011-02-08,66,110,80,102,63,10,10,10,10,0,10,0,0,0,10,0,10,0,0,10,0,10,0,0,10,10,0,0,0,0,0
263,2011-02-15,63,120,73,114,74,10,10,10,10,0,10,0,0,0,10,0,10,0,10,10,0,10,0,0,10,10,0,0,0,0,0
264,2011-02-22,54,100,59,94,52,10,10,0,10,0,0,0,0,0,10,10,10,0,0,10,0,10,0,0,10,10,0,0,0,0,0
265,2011-03-01,55,100,56,95,57,0,0,10,10,0,10,0,0,0,10,10,10,0,10,10,0,0,0,0,10,10,0,0,0,0,0
266,2010-03-02,87,150,91,124,66,0,10,10,10,0,0,0,10,0,10,10,10,10,10,10,0,10,0,0,10,10,0,10,10,0,0
